fish_id,stage,site,reef,birth_date,pelagic_larval_duration,birth_lunar_day,birth_lunar_month,birth_lunar_phase,birth_moon_first_half,birth_moon_second_half
19,settler,VME,76,2016-12-16,46,17,1162,pleine_lune,0.436111111,1
20,settler,VME,76,2016-12-07,48,8,1162,premier_quartier,1,0.061111111
21,settler,VME,76,2016-12-08,47,9,1162,premier_quartier,1,0.219444444
23,settler,VOW,NA,2016-12-19,46,20,1162,pleine_lune,0.066666667,1
27,settler,VOE,NA,2016-12-19,47,20,1162,pleine_lune,0.066666667,1
28,settler,VOE,NA,2016-12-14,42,15,1162,pleine_lune,0.744444444,1
30,settler,VME,NA,2016-12-10,47,11,1162,premier_quartier,1,0.55
33,settler,VMW,NA,2016-12-15,45,16,1162,pleine_lune,0.583333333,1
37,settler,VMW,NA,2016-12-15,47,16,1162,pleine_lune,0.583333333,1
39,settler,VOW,NA,2016-12-14,49,15,1162,pleine_lune,0.744444444,1
40,settler,VOW,NA,2016-12-11,53,12,1162,premier_quartier,1,0.725
41,settler,VOW,NA,2016-12-25,46,26,1162,dernier_quartier,0,0.527777778
47,settler,VMW,NA,2016-11-30,48,1,1162,nouvelle_lune,0.258333333,0
48,settler,VMW,NA,2016-12-15,40,16,1162,pleine_lune,0.583333333,1
55,settler,VOE,NA,2016-12-18,47,19,1162,pleine_lune,0.180555556,1
56,settler,VOW,NA,2016-12-25,45,26,1162,dernier_quartier,0,0.527777778
60,settler,MMM,110,2016-12-18,42,19,1162,pleine_lune,0.180555556,1
61,settler,MOM,100,2016-12-08,49,9,1162,premier_quartier,1,0.219444444
62,settler,TMM,132,2016-12-15,43,16,1162,pleine_lune,0.583333333,1
63,settler,MMM,NA,2016-12-11,47,12,1162,premier_quartier,1,0.725
64,settler,MMM,NA,2016-12-20,47,21,1162,pleine_lune,0.013888889,1
67,settler,TMM,NA,2016-12-11,54,12,1162,premier_quartier,1,0.725
68,settler,TMM,NA,2016-12-20,47,21,1162,pleine_lune,0.013888889,1
69,settler,TMM,NA,2016-12-05,47,6,1162,nouvelle_lune,0.905555556,0
71,settler,MOM,117,2016-12-23,44,24,1162,dernier_quartier,0,0.747222222
74,settler,TOM,NA,2016-12-16,48,17,1162,pleine_lune,0.436111111,1
75,settler,TOM,NA,2016-12-19,48,20,1162,pleine_lune,0.066666667,1
77,settler,TOM,93,2016-12-09,57,10,1162,premier_quartier,1,0.380555556
78,settler,TOM,NA,2016-12-22,47,23,1162,dernier_quartier,0,0.852777778
89,settler,MMM,NA,2016-12-15,45,16,1162,pleine_lune,0.583333333,1
90,settler,MMM,NA,2016-12-07,51,8,1162,premier_quartier,1,0.061111111
99,settler,MOM,131,2016-12-20,42,21,1162,pleine_lune,0.013888889,1
100,settler,TOM,156,2016-12-27,43,28,1162,dernier_quartier,0,0.288888889
101,settler,MMM,114,2017-01-06,45,9,1163,premier_quartier,1,0.183333333
104,settler,TOM,NA,2017-01-06,40,9,1163,premier_quartier,1,0.183333333
105,settler,TOM,NA,2016-12-21,48,22,1162,dernier_quartier,0,0.958333333
107,settler,TOM,NA,2016-12-19,47,20,1162,pleine_lune,0.066666667,1
109,settler,MMM,NA,2016-12-15,46,16,1162,pleine_lune,0.583333333,1
112,settler,TMM,NA,2016-12-04,61,5,1162,nouvelle_lune,0.783333333,0
113,settler,TMM,NA,2016-12-25,42,26,1162,dernier_quartier,0,0.527777778
114,settler,TMM,NA,2016-12-23,48,24,1162,dernier_quartier,0,0.747222222
117,settler,TMM,NA,2016-12-17,54,18,1162,pleine_lune,0.302777778,1
119,settler,TMM,126,2016-12-28,46,0,1163,nouvelle_lune,0.05,0.158333333
120,settler,MMM,NA,2016-12-08,56,9,1162,premier_quartier,1,0.219444444
122,settler,MMM,NA,2017-01-04,43,7,1163,premier_quartier,0.933333333,0
123,settler,MMM,NA,2016-12-12,53,13,1162,premier_quartier,1,0.902777778
126,settler,MOM,NA,2016-12-30,42,2,1163,nouvelle_lune,0.319444444,0
127,settler,MOM,NA,2016-12-30,47,2,1163,nouvelle_lune,0.319444444,0
129,settler,VMW,NA,2016-12-29,51,1,1163,nouvelle_lune,0.186111111,0.022222222
130,settler,VMW,NA,2017-01-09,41,12,1163,premier_quartier,1,0.691666667
135,settler,VMW,NA,2017-01-10,41,13,1163,premier_quartier,1,0.863888889
136,settler,VMW,NA,2017-01-01,49,4,1163,nouvelle_lune,0.572222222,0
138,settler,VMW,NA,2017-01-05,45,8,1163,premier_quartier,0.994444444,0.022222222
140,settler,VOW,NA,2017-01-07,44,10,1163,premier_quartier,1,0.347222222
141,settler,VOW,NA,2017-01-07,43,10,1163,premier_quartier,1,0.347222222
142,settler,VOW,7,2017-01-06,46,9,1163,premier_quartier,1,0.183333333
143,settler,VOW,12,2016-12-29,52,1,1163,nouvelle_lune,0.186111111,0.022222222
147,settler,VOW,NA,2016-12-30,49,2,1163,nouvelle_lune,0.319444444,0
148,settler,VME,NA,2017-01-02,46,5,1163,nouvelle_lune,0.691666667,0
150,settler,VME,NA,2017-01-03,47,6,1163,nouvelle_lune,0.811111111,0
151,settler,VME,76,2016-12-30,52,2,1163,nouvelle_lune,0.319444444,0
153,settler,VME,NA,2017-01-06,37,9,1163,premier_quartier,1,0.183333333
155,settler,VME,NA,2017-01-06,45,9,1163,premier_quartier,1,0.183333333
156,settler,VOE,NA,2017-01-05,46,8,1163,premier_quartier,0.994444444,0.022222222
158,settler,VOW,12,2016-12-31,50,3,1163,nouvelle_lune,0.447222222,0
159,settler,VOW,5,2017-01-14,41,17,1163,pleine_lune,0.536111111,1
163,settler,VOW,NA,2017-01-07,46,10,1163,premier_quartier,1,0.347222222
166,settler,VOW,NA,2017-01-05,48,8,1163,premier_quartier,0.994444444,0.022222222
168,settler,VOW,NA,2017-01-04,50,7,1163,premier_quartier,0.933333333,0
169,settler,VOE,NA,2016-12-30,53,2,1163,nouvelle_lune,0.319444444,0
170,settler,VOE,NA,2016-12-30,52,2,1163,nouvelle_lune,0.319444444,0
172,settler,VOE,NA,2017-01-04,49,7,1163,premier_quartier,0.933333333,0
175,settler,VOE,52,2016-12-30,54,2,1163,nouvelle_lune,0.319444444,0
176,settler,VME,68,2017-01-15,43,18,1163,pleine_lune,0.416666667,1
177,settler,VMW,NA,2017-01-01,50,4,1163,nouvelle_lune,0.572222222,0
181,settler,VMW,NA,2017-01-10,41,13,1163,premier_quartier,1,0.863888889
183,settler,VMW,NA,2017-01-06,45,9,1163,premier_quartier,1,0.183333333
189,settler,VME,NA,2017-01-05,45,8,1163,premier_quartier,0.994444444,0.022222222
190,settler,VME,75,2017-01-05,46,8,1163,premier_quartier,0.994444444,0.022222222
192,settler,VME,NA,2017-01-16,41,19,1163,pleine_lune,0.302777778,1
193,settler,VME,NA,2017-01-08,43,11,1163,premier_quartier,1,0.519444444
200,settler,MOM,89,2017-01-01,50,4,1163,nouvelle_lune,0.572222222,0
205,settler,MOM,91,2016-12-30,52,2,1163,nouvelle_lune,0.319444444,0
206,settler,MOM,93,2017-01-04,49,7,1163,premier_quartier,0.933333333,0
207,settler,MOM,93,2017-01-08,45,11,1163,premier_quartier,1,0.519444444
209,settler,MOM,100,2017-01-12,45,15,1163,pleine_lune,0.813888889,1
216,settler,TOM,156,2016-12-28,54,0,1163,nouvelle_lune,0.05,0.158333333
217,settler,TOM,156,2017-01-03,50,6,1163,nouvelle_lune,0.811111111,0
221,settler,TOM,159,2016-12-27,54,28,1162,dernier_quartier,0,0.288888889
222,settler,TOM,159,2017-01-08,44,11,1163,premier_quartier,1,0.519444444
223,settler,TOM,153,2017-01-06,47,9,1163,premier_quartier,1,0.183333333
224,settler,VMW,NA,2017-01-01,51,4,1163,nouvelle_lune,0.572222222,0
234,settler,TMM,125,2017-01-07,46,10,1163,premier_quartier,1,0.347222222
236,settler,TMM,128,2017-01-02,48,5,1163,nouvelle_lune,0.691666667,0
238,settler,TMM,126,2017-01-07,44,10,1163,premier_quartier,1,0.347222222
239,settler,TMM,133,2017-01-07,49,10,1163,premier_quartier,1,0.347222222
240,settler,TMM,133,2017-01-04,49,7,1163,premier_quartier,0.933333333,0
241,settler,MMM,106,2016-12-30,54,2,1163,nouvelle_lune,0.319444444,0
242,settler,MMM,106,2017-01-02,49,5,1163,nouvelle_lune,0.691666667,0
244,settler,MMM,103,2017-01-08,44,11,1163,premier_quartier,1,0.519444444
246,settler,MMM,118,2016-12-31,51,3,1163,nouvelle_lune,0.447222222,0
250,settler,MMM,112,2017-01-06,47,9,1163,premier_quartier,1,0.183333333
253,settler,TOM,NA,2017-01-11,48,14,1163,premier_quartier,0.969444444,1
254,settler,TOM,NA,2017-01-14,44,17,1163,pleine_lune,0.536111111,1
260,settler,TOM,NA,2017-01-22,43,25,1163,dernier_quartier,0,0.755555556
262,settler,TOM,NA,2017-01-11,50,14,1163,premier_quartier,0.969444444,1
264,settler,TOM,NA,2017-01-06,52,9,1163,premier_quartier,1,0.183333333
266,settler,MOM,NA,2017-01-01,53,4,1163,nouvelle_lune,0.572222222,0
270,settler,MOM,NA,2017-01-10,50,13,1163,premier_quartier,1,0.863888889
271,settler,MOM,NA,2017-01-02,44,5,1163,nouvelle_lune,0.691666667,0
275,settler,MOM,NA,2017-01-11,45,14,1163,premier_quartier,0.969444444,1
277,settler,TMM,NA,2017-01-12,42,15,1163,pleine_lune,0.813888889,1
281,settler,TMM,NA,2016-12-29,51,1,1163,nouvelle_lune,0.186111111,0.022222222
282,settler,TMM,NA,2017-01-05,52,8,1163,premier_quartier,0.994444444,0.022222222
283,settler,TMM,NA,2017-01-11,49,14,1163,premier_quartier,0.969444444,1
285,settler,TMM,137,2017-01-15,48,18,1163,pleine_lune,0.416666667,1
288,settler,MMM,NA,2017-01-11,49,14,1163,premier_quartier,0.969444444,1
289,settler,MMM,NA,2017-01-04,54,7,1163,premier_quartier,0.933333333,0
290,settler,MMM,NA,2017-01-17,42,20,1163,pleine_lune,0.194444444,1
291,settler,MMM,NA,2017-01-16,45,19,1163,pleine_lune,0.302777778,1
294,settler,MMM,110,2017-01-18,42,21,1163,pleine_lune,0.086111111,1
295,settler,VOE,NA,2017-01-12,48,15,1163,pleine_lune,0.813888889,1
299,settler,VOE,NA,2017-01-04,53,7,1163,premier_quartier,0.933333333,0
300,settler,VOE,NA,2017-01-07,52,10,1163,premier_quartier,1,0.347222222
302,settler,VOE,52,2017-01-10,45,13,1163,premier_quartier,1,0.863888889
303,settler,VOW,NA,2017-01-13,47,16,1163,pleine_lune,0.669444444,1
305,settler,VOW,NA,2017-01-08,45,11,1163,premier_quartier,1,0.519444444
307,settler,VOW,NA,2017-01-16,45,19,1163,pleine_lune,0.302777778,1
308,settler,VOW,NA,2017-01-12,46,15,1163,pleine_lune,0.813888889,1
313,settler,VOW,NA,2017-01-04,51,7,1163,premier_quartier,0.933333333,0
318,settler,VMW,NA,2017-01-10,44,13,1163,premier_quartier,1,0.863888889
319,settler,VMW,NA,2017-01-20,39,23,1163,dernier_quartier,0,0.980555556
320,settler,VMW,NA,2017-01-09,44,12,1163,premier_quartier,1,0.691666667
322,settler,VMW,NA,2017-01-05,45,8,1163,premier_quartier,0.994444444,0.022222222
324,settler,VMW,NA,2017-01-06,44,9,1163,premier_quartier,1,0.183333333
328,settler,VME,NA,2017-01-12,44,15,1163,pleine_lune,0.813888889,1
329,settler,VME,NA,2017-01-03,47,6,1163,nouvelle_lune,0.811111111,0
333,settler,VME,76,2017-01-18,42,21,1163,pleine_lune,0.086111111,1
334,settler,VME,NA,2016-12-29,54,1,1163,nouvelle_lune,0.186111111,0.022222222
335,settler,VME,NA,2017-01-06,45,9,1163,premier_quartier,1,0.183333333
342,settler,VOW,NA,2017-01-20,45,23,1163,dernier_quartier,0,0.980555556
344,settler,VOW,NA,2017-01-12,44,15,1163,pleine_lune,0.813888889,1
345,settler,VOW,NA,2017-01-08,51,11,1163,premier_quartier,1,0.519444444
347,settler,VOW,NA,2017-01-15,46,18,1163,pleine_lune,0.416666667,1
348,settler,VOW,NA,2017-01-15,48,18,1163,pleine_lune,0.416666667,1
350,settler,VOE,NA,2017-01-04,52,7,1163,premier_quartier,0.933333333,0
351,settler,VOE,60,2017-01-19,48,22,1163,dernier_quartier,0.030555556,1
352,settler,VOE,NA,2017-01-11,48,14,1163,premier_quartier,0.969444444,1
353,settler,VOE,NA,2017-01-13,46,16,1163,pleine_lune,0.669444444,1
354,settler,VOE,NA,2017-01-06,44,9,1163,premier_quartier,1,0.183333333
355,settler,VME,NA,2017-01-07,44,10,1163,premier_quartier,1,0.347222222
356,settler,VME,NA,2017-01-14,45,17,1163,pleine_lune,0.536111111,1
357,settler,VME,NA,2017-01-04,48,7,1163,premier_quartier,0.933333333,0
358,settler,VME,NA,2017-01-05,48,8,1163,premier_quartier,0.994444444,0.022222222
359,settler,VMW,NA,2017-01-01,49,4,1163,nouvelle_lune,0.572222222,0
363,settler,VMW,NA,2017-01-09,47,12,1163,premier_quartier,1,0.691666667
364,settler,VMW,NA,2017-01-10,43,13,1163,premier_quartier,1,0.863888889
365,settler,VMW,NA,2017-01-20,40,23,1163,dernier_quartier,0,0.980555556
366,settler,VMW,NA,2017-01-06,44,9,1163,premier_quartier,1,0.183333333
369,settler,TOM,NA,2017-01-20,39,23,1163,dernier_quartier,0,0.980555556
371,settler,TOM,NA,2017-01-18,45,21,1163,pleine_lune,0.086111111,1
376,settler,TOM,NA,2017-01-15,47,18,1163,pleine_lune,0.416666667,1
378,settler,TOM,56,2017-01-15,45,18,1163,pleine_lune,0.416666667,1
379,settler,MOM,NA,2017-01-16,45,19,1163,pleine_lune,0.302777778,1
380,settler,MOM,NA,2017-01-02,52,5,1163,nouvelle_lune,0.691666667,0
381,settler,MOM,NA,2017-01-21,43,24,1163,dernier_quartier,0,0.869444444
382,settler,MOM,NA,2017-01-15,46,18,1163,pleine_lune,0.416666667,1
384,settler,TMM,NA,2017-01-23,42,26,1163,dernier_quartier,0,0.636111111
385,settler,TMM,NA,2017-01-24,42,27,1163,dernier_quartier,0,0.508333333
387,settler,TMM,NA,2017-01-19,42,22,1163,dernier_quartier,0.030555556,1
388,settler,TMM,NA,2017-01-21,39,24,1163,dernier_quartier,0,0.869444444
389,settler,TMM,NA,2017-01-22,39,25,1163,dernier_quartier,0,0.755555556
390,settler,MMM,NA,2017-01-18,43,21,1163,pleine_lune,0.086111111,1
391,settler,MMM,NA,2017-01-23,38,26,1163,dernier_quartier,0,0.636111111
392,settler,MMM,NA,2017-01-25,41,28,1163,dernier_quartier,0,0.372222222
393,settler,MMM,NA,2017-01-18,42,21,1163,pleine_lune,0.086111111,1
397,settler,VME,NA,2017-01-19,45,22,1163,dernier_quartier,0.030555556,1
398,settler,VMW,NA,2017-01-31,40,4,1164,nouvelle_lune,0.6,0
399,settler,MOM,NA,2017-01-10,47,13,1163,premier_quartier,1,0.863888889
400,settler,MOM,NA,2017-01-22,44,25,1163,dernier_quartier,0,0.755555556
401,settler,MOM,86,2017-02-02,46,6,1164,nouvelle_lune,0.847222222,0
402,settler,TOM,NA,2017-01-18,48,21,1163,pleine_lune,0.086111111,1
403,settler,TOM,NA,2017-01-27,50,0,1164,nouvelle_lune,0.102777778,0.086111111
404,settler,TOM,NA,2017-01-28,51,1,1164,nouvelle_lune,0.230555556,0
405,settler,TOM,NA,2017-01-31,48,4,1164,nouvelle_lune,0.6,0
406,settler,TOM,NA,2017-01-29,50,2,1164,nouvelle_lune,0.355555556,0
410,settler,MMM,NA,2017-02-02,42,6,1164,nouvelle_lune,0.847222222,0
411,settler,MMM,NA,2017-01-20,42,23,1163,dernier_quartier,0,0.980555556
412,settler,TMM,NA,2017-01-17,45,20,1163,pleine_lune,0.194444444,1
413,settler,TMM,NA,2017-01-27,49,0,1164,nouvelle_lune,0.102777778,0.086111111
414,settler,TMM,NA,2017-01-23,43,26,1163,dernier_quartier,0,0.636111111
415,settler,VOE,NA,2017-02-02,49,6,1164,nouvelle_lune,0.847222222,0
416,settler,VOE,NA,2017-02-08,44,12,1164,premier_quartier,1,0.816666667
422,settler,VOE,60,2017-02-03,45,7,1164,premier_quartier,0.980555556,0
423,settler,VOE,42,2017-01-29,51,2,1164,nouvelle_lune,0.355555556,0
425,settler,VOW,NA,2017-02-02,48,6,1164,nouvelle_lune,0.847222222,0
427,settler,VOW,NA,2017-02-06,45,10,1164,premier_quartier,1,0.494444444
428,settler,VOW,NA,2017-02-03,48,7,1164,premier_quartier,0.980555556,0
431,settler,VMW,NA,2017-02-08,43,12,1164,premier_quartier,1,0.816666667
432,settler,VMW,NA,2017-02-08,45,12,1164,premier_quartier,1,0.816666667
433,settler,VMW,NA,2017-02-04,46,8,1164,premier_quartier,1,0.161111111
434,settler,VMW,NA,2017-01-29,50,2,1164,nouvelle_lune,0.355555556,0
435,settler,VMW,NA,2017-01-28,51,1,1164,nouvelle_lune,0.230555556,0
438,settler,TOM,NA,2017-02-10,43,14,1164,premier_quartier,0.9,1
439,settler,TOM,NA,2017-01-28,54,1,1164,nouvelle_lune,0.230555556,0
441,settler,TOM,NA,2017-01-31,51,4,1164,nouvelle_lune,0.6,0
442,settler,TOM,NA,2017-02-09,41,13,1164,premier_quartier,1,0.963888889
443,settler,TMM,127,2017-01-28,55,1,1164,nouvelle_lune,0.230555556,0
444,settler,TMM,125,2017-02-06,46,10,1164,premier_quartier,1,0.494444444
445,settler,TMM,125,2017-02-04,47,8,1164,premier_quartier,1,0.161111111
446,settler,TMM,NA,2017-02-09,43,13,1164,premier_quartier,1,0.963888889
451,settler,TMM,NA,2017-02-10,43,14,1164,premier_quartier,0.9,1
452,settler,MMM,117,2017-02-11,42,15,1164,pleine_lune,0.775,1
454,settler,MMM,NA,2017-02-01,49,5,1164,nouvelle_lune,0.722222222,0
455,settler,MMM,NA,2017-02-05,49,9,1164,premier_quartier,1,0.327777778
457,settler,MMM,NA,2017-01-24,56,27,1163,dernier_quartier,0,0.508333333
458,settler,MMM,NA,2017-02-10,40,14,1164,premier_quartier,0.9,1
460,settler,MOM,NA,2017-02-03,47,7,1164,premier_quartier,0.980555556,0
461,settler,MOM,NA,2017-02-03,48,7,1164,premier_quartier,0.980555556,0
464,settler,MOM,NA,2017-01-28,56,1,1164,nouvelle_lune,0.230555556,0
465,settler,MOM,NA,2017-02-03,48,7,1164,premier_quartier,0.980555556,0
468,settler,VME,NA,2017-02-07,45,11,1164,premier_quartier,1,0.658333333
469,settler,VME,NA,2017-02-05,45,9,1164,premier_quartier,1,0.327777778
470,settler,VME,NA,2017-02-12,41,16,1164,pleine_lune,0.655555556,1
471,settler,TOM,NA,2017-02-12,44,16,1164,pleine_lune,0.655555556,1
472,settler,TOM,NA,2017-02-07,49,11,1164,premier_quartier,1,0.658333333
473,settler,TOM,NA,2017-02-10,44,14,1164,premier_quartier,0.9,1
474,settler,TOM,NA,2017-02-05,47,9,1164,premier_quartier,1,0.327777778
475,settler,TOM,NA,2017-02-10,45,14,1164,premier_quartier,0.9,1
476,settler,TMM,127,2017-02-23,37,27,1164,dernier_quartier,0,0.45
477,settler,TMM,NA,2017-02-13,46,17,1164,pleine_lune,0.541666667,1
478,settler,TMM,NA,2017-02-15,43,19,1164,pleine_lune,0.325,1
479,settler,TMM,NA,2017-02-18,41,22,1164,dernier_quartier,0.044444444,1
480,settler,MMM,NA,2017-02-09,49,13,1164,premier_quartier,1,0.963888889
482,settler,MMM,NA,2017-02-14,41,18,1164,pleine_lune,0.433333333,1
484,settler,VOW,NA,2017-02-14,45,18,1164,pleine_lune,0.433333333,1
485,settler,VOW,NA,2017-02-22,42,26,1164,dernier_quartier,0,0.594444444
486,settler,VOW,7,2017-02-21,39,25,1164,dernier_quartier,0,0.730555556
488,settler,VMW,NA,2017-02-11,51,15,1164,pleine_lune,0.775,1
489,settler,VMW,NA,2017-02-13,47,17,1164,pleine_lune,0.541666667,1
490,settler,VMW,NA,2017-02-16,45,20,1164,pleine_lune,0.216666667,1
491,settler,VMW,NA,2017-02-23,41,27,1164,dernier_quartier,0,0.45
492,settler,VME,NA,2017-02-14,46,18,1164,pleine_lune,0.433333333,1
493,settler,TOM,148,2017-02-20,43,24,1164,dernier_quartier,0,0.861111111
494,settler,TOM,NA,2017-02-24,44,28,1164,dernier_quartier,0,0.3
495,settler,TOM,NA,2017-02-21,47,25,1164,dernier_quartier,0,0.730555556
496,settler,TOM,NA,2017-02-19,46,23,1164,dernier_quartier,0,0.986111111
497,settler,TOM,NA,2017-02-18,43,22,1164,dernier_quartier,0.044444444,1
499,settler,TMM,NA,2017-02-15,46,19,1164,pleine_lune,0.325,1
500,settler,TMM,NA,2017-02-21,44,25,1164,dernier_quartier,0,0.730555556
501,settler,TMM,NA,2017-02-15,48,19,1164,pleine_lune,0.325,1
502,settler,TMM,NA,2017-02-21,44,25,1164,dernier_quartier,0,0.730555556
505,settler,MMM,NA,2017-02-20,44,24,1164,dernier_quartier,0,0.861111111
507,settler,MMM,NA,2017-02-12,48,16,1164,pleine_lune,0.655555556,1
508,settler,VOE,NA,2017-02-19,41,23,1164,dernier_quartier,0,0.986111111
510,settler,VOW,NA,2017-02-13,50,17,1164,pleine_lune,0.541666667,1
516,settler,VME,NA,2017-03-02,44,4,1165,nouvelle_lune,0.641666667,0
519,settler,TOM,NA,2017-03-01,42,3,1165,nouvelle_lune,0.508333333,0
523,settler,TOM,NA,2017-03-07,41,9,1165,premier_quartier,1,0.463888889
524,settler,MOM,NA,2017-03-11,40,13,1165,premier_quartier,1,0.994444444
531,settler,MOM,NA,2017-02-23,53,27,1164,dernier_quartier,0,0.45
533,settler,MMM,NA,2017-03-09,42,11,1165,premier_quartier,1,0.747222222
534,settler,MMM,114,2017-03-02,45,4,1165,nouvelle_lune,0.641666667,0
537,settler,MMM,114,2017-02-10,55,14,1164,premier_quartier,0.9,1
538,settler,MOM,96,2017-03-02,43,4,1165,nouvelle_lune,0.641666667,0
541,settler,MOM,91,2017-03-07,48,9,1165,premier_quartier,1,0.463888889
543,settler,MOM,91,2017-03-07,48,9,1165,premier_quartier,1,0.463888889
544,settler,MOM,91,2017-03-11,45,13,1165,premier_quartier,1,0.994444444
546,settler,MOM,100,2017-02-27,56,1,1165,nouvelle_lune,0.255555556,0
548,settler,TOM,154,2017-03-11,40,13,1165,premier_quartier,1,0.994444444
552,settler,TOM,153,2017-03-09,47,11,1165,premier_quartier,1,0.747222222
554,settler,TOM,156,2017-03-10,45,12,1165,premier_quartier,1,0.875
559,settler,TMM,137,2017-03-15,44,17,1165,pleine_lune,0.561111111,1
562,settler,TMM,131,2017-03-16,43,18,1165,pleine_lune,0.45,1
563,settler,TMM,131,2017-03-05,51,7,1165,premier_quartier,1,0.144444444
576,settler,MMM,108,2017-03-08,39,10,1165,premier_quartier,1,0.608333333
579,settler,MMM,111,2017-03-12,40,14,1165,premier_quartier,0.891666667,1
581,settler,MMM,117,2017-03-09,46,11,1165,premier_quartier,1,0.747222222
591,settler,MMM,110,2017-03-08,50,10,1165,premier_quartier,1,0.608333333
592,settler,VOW,18,2017-03-12,44,14,1165,premier_quartier,0.891666667,1
594,settler,VOW,7,2017-03-13,42,15,1165,pleine_lune,0.780555556,1
596,settler,VOW,1,2017-03-13,45,15,1165,pleine_lune,0.780555556,1
597,settler,VOW,1,2017-03-07,48,9,1165,premier_quartier,1,0.463888889
610,settler,VMW,NA,2017-03-10,47,12,1165,premier_quartier,1,0.875
612,settler,VMW,NA,2017-03-13,44,15,1165,pleine_lune,0.780555556,1
613,settler,VMW,NA,2017-03-07,48,9,1165,premier_quartier,1,0.463888889
616,settler,VME,NA,2017-03-13,45,15,1165,pleine_lune,0.780555556,1
619,settler,VME,NA,2017-03-08,46,10,1165,premier_quartier,1,0.608333333
620,settler,VME,NA,2017-02-28,55,2,1165,nouvelle_lune,0.380555556,0
622,settler,VME,NA,2017-02-28,56,2,1165,nouvelle_lune,0.380555556,0
624,settler,VOE,54,2017-02-28,54,2,1165,nouvelle_lune,0.380555556,0
625,settler,VOE,60,2017-03-09,45,11,1165,premier_quartier,1,0.747222222
627,settler,VOE,NA,2017-03-06,51,8,1165,premier_quartier,1,0.308333333
632,settler,VOE,NA,2017-03-06,50,8,1165,premier_quartier,1,0.308333333
635,settler,VOW,NA,2017-03-11,47,13,1165,premier_quartier,1,0.994444444
641,settler,VOW,NA,2017-03-07,48,9,1165,premier_quartier,1,0.463888889
642,settler,VOW,NA,2017-03-16,41,18,1165,pleine_lune,0.45,1
643,settler,VOW,NA,2017-03-19,43,21,1165,pleine_lune,0.086111111,1
647,settler,VOE,42,2017-03-19,44,21,1165,pleine_lune,0.086111111,1
648,settler,VOE,60,2017-03-03,51,5,1165,nouvelle_lune,0.780555556,0
652,settler,VOE,NA,2017-03-16,42,18,1165,pleine_lune,0.45,1
653,settler,VOE,NA,2017-03-15,41,17,1165,pleine_lune,0.561111111,1
660,settler,VMW,NA,2017-03-17,43,19,1165,pleine_lune,0.333333333,1
662,settler,VMW,NA,2017-03-13,44,15,1165,pleine_lune,0.780555556,1
663,settler,VMW,NA,2017-03-12,45,14,1165,premier_quartier,0.891666667,1
665,settler,VMW,NA,2017-03-14,46,16,1165,pleine_lune,0.672222222,1
668,settler,VME,78,2017-03-07,50,9,1165,premier_quartier,1,0.463888889
671,settler,VME,NA,2017-03-15,43,17,1165,pleine_lune,0.561111111,1
676,settler,VME,NA,2017-03-19,44,21,1165,pleine_lune,0.086111111,1
680,settler,VME,NA,2017-03-04,57,6,1165,nouvelle_lune,0.927777778,0
682,settler,TOM,156,2017-03-09,50,11,1165,premier_quartier,1,0.747222222
687,settler,TOM,NA,2017-03-10,45,12,1165,premier_quartier,1,0.875
689,settler,TOM,NA,2017-03-10,47,12,1165,premier_quartier,1,0.875
693,settler,MOM,98,2017-03-05,53,7,1165,premier_quartier,1,0.144444444
696,settler,MOM,100,2017-03-16,43,18,1165,pleine_lune,0.45,1
697,settler,MOM,86,2017-03-11,48,13,1165,premier_quartier,1,0.994444444
698,settler,MOM,96,2017-03-14,45,16,1165,pleine_lune,0.672222222,1
704,settler,TMM,128,2017-03-10,44,12,1165,premier_quartier,1,0.875
716,settler,TMM,134,2017-03-16,45,18,1165,pleine_lune,0.45,1
717,settler,TMM,125,2017-03-06,52,8,1165,premier_quartier,1,0.308333333
718,settler,TMM,125,2017-03-13,48,15,1165,pleine_lune,0.780555556,1
719,settler,MMM,111,2017-03-07,48,9,1165,premier_quartier,1,0.463888889
720,settler,MMM,111,2017-03-19,40,21,1165,pleine_lune,0.086111111,1
723,settler,MMM,NA,2017-03-15,42,17,1165,pleine_lune,0.561111111,1
725,settler,MMM,103,2017-03-09,49,11,1165,premier_quartier,1,0.747222222
731,settler,TOM,NA,2017-04-04,47,8,1166,premier_quartier,1,0.269444444
734,settler,TOM,NA,2017-03-26,47,28,1165,dernier_quartier,0,0.211111111
738,settler,MOM,NA,2017-03-24,49,26,1165,dernier_quartier,0,0.519444444
739,settler,MOM,NA,2017-03-21,58,23,1165,dernier_quartier,0,0.952777778
740,settler,MOM,NA,2017-03-31,48,4,1166,nouvelle_lune,0.577777778,0
741,settler,MOM,NA,2017-03-30,50,3,1166,nouvelle_lune,0.430555556,0
745,settler,MMM,NA,2017-03-26,54,28,1165,dernier_quartier,0,0.211111111
746,settler,MMM,NA,2017-03-23,56,25,1165,dernier_quartier,0,0.669444444
748,settler,MMM,NA,2017-04-02,49,6,1166,nouvelle_lune,0.894444444,0
749,settler,MMM,NA,2017-04-05,43,9,1166,premier_quartier,1,0.405555556
753,settler,VOW,NA,2017-03-29,48,2,1166,nouvelle_lune,0.288888889,0
754,settler,VOW,NA,2017-03-24,56,26,1165,dernier_quartier,0,0.519444444
757,settler,VOW,NA,2017-03-27,53,0,1166,nouvelle_lune,0.025,0.05
761,settler,VOE,NA,2017-03-26,54,28,1165,dernier_quartier,0,0.211111111
762,settler,VOE,NA,2017-03-27,53,0,1166,nouvelle_lune,0.025,0.05
769,settler,VOW,NA,2017-04-03,46,7,1166,premier_quartier,0.975,0.119444444
770,settler,VOE,NA,2017-03-28,49,1,1166,nouvelle_lune,0.152777778,0
771,settler,VMW,NA,2017-04-05,42,9,1166,premier_quartier,1,0.405555556
773,settler,VME,NA,2017-04-06,44,10,1166,premier_quartier,1,0.536111111
774,settler,VME,NA,2017-04-05,44,9,1166,premier_quartier,1,0.405555556
776,settler,MOM,100,2017-04-03,47,7,1166,premier_quartier,0.975,0.119444444
783,settler,MOM,93,2017-04-04,45,8,1166,premier_quartier,1,0.269444444
786,settler,MOM,86,2017-04-06,45,10,1166,premier_quartier,1,0.536111111
788,settler,MOM,86,2017-03-27,48,0,1166,nouvelle_lune,0.025,0.05
793,settler,MOM,91,2017-04-09,44,13,1166,premier_quartier,1,0.877777778
796,settler,TMM,131,2017-04-01,49,5,1166,nouvelle_lune,0.733333333,0
797,settler,TMM,131,2017-04-04,48,8,1166,premier_quartier,1,0.269444444
799,settler,TMM,137,2017-04-01,51,5,1166,nouvelle_lune,0.733333333,0
800,settler,TMM,134,2017-04-01,51,5,1166,nouvelle_lune,0.733333333,0
801,settler,TMM,127,2017-04-07,44,11,1166,premier_quartier,1,0.655555556
822,settler,MMM,117,2017-03-21,61,23,1165,dernier_quartier,0,0.952777778
828,settler,MMM,111,2017-04-12,41,16,1166,pleine_lune,0.794444444,1
831,settler,MMM,110,2017-04-03,50,7,1166,premier_quartier,0.975,0.119444444
835,settler,MMM,112,2017-03-30,53,3,1166,nouvelle_lune,0.430555556,0
836,settler,MMM,117,2017-04-06,45,10,1166,premier_quartier,1,0.536111111
845,settler,TOM,159,2017-03-28,52,1,1166,nouvelle_lune,0.152777778,0
846,settler,TOM,159,2017-04-14,39,18,1166,pleine_lune,0.561111111,1
847,settler,TOM,155,2017-04-05,44,9,1166,premier_quartier,1,0.405555556
850,settler,TOM,154,2017-04-12,39,16,1166,pleine_lune,0.794444444,1
851,settler,TOM,154,2017-03-30,49,3,1166,nouvelle_lune,0.430555556,0
854,settler,VOE,50,2017-04-04,49,8,1166,premier_quartier,1,0.269444444
857,settler,VOE,41,2017-04-05,48,9,1166,premier_quartier,1,0.405555556
859,settler,VOE,41,2017-04-06,47,10,1166,premier_quartier,1,0.536111111
861,settler,VOE,60,2017-04-05,48,9,1166,premier_quartier,1,0.405555556
866,settler,VOE,44,2017-04-08,44,12,1166,premier_quartier,1,0.769444444
867,settler,VME,76,2017-04-01,50,5,1166,nouvelle_lune,0.733333333,0
868,settler,VME,76,2017-04-07,44,11,1166,premier_quartier,1,0.655555556
869,settler,VME,67,2017-04-03,50,7,1166,premier_quartier,0.975,0.119444444
872,settler,VME,NA,2017-04-05,47,9,1166,premier_quartier,1,0.405555556
875,settler,VME,NA,2017-04-06,43,10,1166,premier_quartier,1,0.536111111
891,settler,VOW,20,2017-03-24,57,26,1165,dernier_quartier,0,0.519444444
894,settler,VOW,1,2017-03-31,50,4,1166,nouvelle_lune,0.577777778,0
902,settler,VOW,1,2017-04-05,48,9,1166,premier_quartier,1,0.405555556
906,settler,VMW,25,2017-04-09,45,13,1166,premier_quartier,1,0.877777778
910,settler,VMW,NA,2017-04-10,44,14,1166,premier_quartier,1,0.986111111
912,settler,VMW,NA,2017-04-08,42,12,1166,premier_quartier,1,0.769444444
913,settler,VMW,31,2017-03-30,52,3,1166,nouvelle_lune,0.430555556,0
915,settler,TOM,NA,2017-04-07,49,11,1166,premier_quartier,1,0.655555556
917,settler,TOM,NA,2017-04-13,45,17,1166,pleine_lune,0.680555556,1
921,settler,TOM,NA,2017-04-13,46,17,1166,pleine_lune,0.680555556,1
922,settler,TOM,NA,2017-04-14,42,18,1166,pleine_lune,0.561111111,1
923,settler,TOM,NA,2017-04-17,41,21,1166,pleine_lune,0.172222222,1
924,settler,MOM,89,2017-04-05,49,9,1166,premier_quartier,1,0.405555556
928,settler,MOM,96,2017-04-12,47,16,1166,pleine_lune,0.794444444,1
934,settler,MOM,98,2017-04-09,48,13,1166,premier_quartier,1,0.877777778
936,settler,MOM,86,2017-04-09,47,13,1166,premier_quartier,1,0.877777778
937,settler,MOM,82,2017-04-10,44,14,1166,premier_quartier,1,0.986111111
940,settler,MMM,111,2017-04-05,49,9,1166,premier_quartier,1,0.405555556
941,settler,MMM,111,2017-04-09,46,13,1166,premier_quartier,1,0.877777778
945,settler,MMM,102,2017-04-01,52,5,1166,nouvelle_lune,0.733333333,0
948,settler,MMM,112,2017-03-30,57,3,1166,nouvelle_lune,0.430555556,0
949,settler,MMM,112,2017-04-09,47,13,1166,premier_quartier,1,0.877777778
950,settler,TMM,125,2017-04-14,42,18,1166,pleine_lune,0.561111111,1
951,settler,TMM,132,2017-04-07,48,11,1166,premier_quartier,1,0.655555556
957,settler,TMM,NA,2017-04-06,46,10,1166,premier_quartier,1,0.536111111
959,settler,TMM,127,2017-04-06,48,10,1166,premier_quartier,1,0.536111111
960,settler,TMM,NA,2017-04-12,44,16,1166,pleine_lune,0.794444444,1
965,settler,VOE,44,2017-04-04,56,8,1166,premier_quartier,1,0.269444444
966,settler,VOE,NA,2017-04-13,47,17,1166,pleine_lune,0.680555556,1
967,settler,VOE,NA,2017-04-07,50,11,1166,premier_quartier,1,0.655555556
968,settler,VOE,NA,2017-04-09,47,13,1166,premier_quartier,1,0.877777778
969,settler,VOE,NA,2017-04-16,44,20,1166,pleine_lune,0.308333333,1
971,settler,VOW,NA,2017-04-09,49,13,1166,premier_quartier,1,0.877777778
973,settler,VOW,NA,2017-04-18,42,22,1166,dernier_quartier,0.030555556,1
974,settler,VOW,NA,2017-04-14,43,18,1166,pleine_lune,0.561111111,1
976,settler,VOW,NA,2017-04-11,46,15,1166,pleine_lune,0.902777778,1
978,juvenile,VMW,34,2017-01-09,47,12,1163,premier_quartier,1,0.691666667
980,juvenile,VMW,26,2017-04-01,49,5,1166,nouvelle_lune,0.733333333,0
981,juvenile,VMW,34,2017-03-14,42,16,1165,pleine_lune,0.672222222,1
983,juvenile,VMW,34,2017-02-16,52,20,1164,pleine_lune,0.216666667,1
984,juvenile,VMW,34,2017-04-11,43,15,1166,pleine_lune,0.902777778,1
985,juvenile,VMW,34,2017-03-10,45,12,1165,premier_quartier,1,0.875
986,juvenile,VMW,40,2017-04-03,47,7,1166,premier_quartier,0.975,0.119444444
987,juvenile,VMW,24,2017-01-01,49,4,1163,nouvelle_lune,0.572222222,0
988,juvenile,VMW,24,2017-01-06,55,9,1163,premier_quartier,1,0.183333333
989,juvenile,TOM,143,2017-04-03,52,7,1166,premier_quartier,0.975,0.119444444
990,juvenile,TOM,150,2017-01-27,43,0,1164,nouvelle_lune,0.102777778,0.086111111
991,juvenile,TOM,145,2017-03-09,49,11,1165,premier_quartier,1,0.747222222
992,juvenile,TOM,151,2017-03-01,41,3,1165,nouvelle_lune,0.508333333,0
993,juvenile,TOM,147,2017-03-04,47,6,1165,nouvelle_lune,0.927777778,0
994,juvenile,TOM,144,2017-03-08,50,10,1165,premier_quartier,1,0.608333333
995,juvenile,TOM,142,2017-01-06,47,9,1163,premier_quartier,1,0.183333333
996,juvenile,TOM,146,2017-03-07,51,9,1165,premier_quartier,1,0.463888889
997,juvenile,TOM,157,2017-01-23,47,26,1163,dernier_quartier,0,0.636111111
999,juvenile,VOE,58,2017-01-30,48,3,1164,nouvelle_lune,0.477777778,0
1001,juvenile,VOE,47,2017-03-28,52,1,1166,nouvelle_lune,0.152777778,0
1002,juvenile,VOE,59,2017-03-06,51,8,1165,premier_quartier,1,0.308333333
1004,juvenile,VOE,46,2017-03-17,43,19,1165,pleine_lune,0.333333333,1
1005,juvenile,VOE,57,2017-03-01,54,3,1165,nouvelle_lune,0.508333333,0
1006,juvenile,VOE,49,2017-02-21,44,25,1164,dernier_quartier,0,0.730555556
1007,juvenile,VOE,55,2017-03-09,44,11,1165,premier_quartier,1,0.747222222
1008,juvenile,VOE,48,2017-01-08,43,11,1163,premier_quartier,1,0.519444444
1009,juvenile,VME,65,2017-01-08,40,11,1163,premier_quartier,1,0.519444444
1010,juvenile,VME,65,2017-03-17,44,19,1165,pleine_lune,0.333333333,1
1011,juvenile,VME,65,2017-03-30,58,3,1166,nouvelle_lune,0.430555556,0
1012,juvenile,VME,66,2016-12-26,46,27,1162,dernier_quartier,0,0.411111111
1013,juvenile,VME,66,2017-01-12,47,15,1163,pleine_lune,0.813888889,1
1015,juvenile,VME,66,2017-03-10,46,12,1165,premier_quartier,1,0.875
1016,juvenile,VME,NA,2017-02-16,41,20,1164,pleine_lune,0.216666667,1
1017,juvenile,VME,NA,2017-01-02,57,5,1163,nouvelle_lune,0.691666667,0
1018,juvenile,VME,NA,2017-03-27,56,0,1166,nouvelle_lune,0.025,0.05
1019,juvenile,VOW,17,2017-03-11,45,13,1165,premier_quartier,1,0.994444444
1020,juvenile,VOW,17,2017-04-08,44,12,1166,premier_quartier,1,0.769444444
1021,juvenile,VOW,16,2017-02-08,56,12,1164,premier_quartier,1,0.816666667
1023,juvenile,VOW,13,2017-04-02,50,6,1166,nouvelle_lune,0.894444444,0
1024,juvenile,VOW,4,2017-03-05,48,7,1165,premier_quartier,1,0.144444444
1025,juvenile,VOW,6,2017-04-02,50,6,1166,nouvelle_lune,0.894444444,0
1026,juvenile,VOW,8,2017-03-05,43,7,1165,premier_quartier,1,0.144444444
1027,juvenile,VOW,11,2017-03-15,45,17,1165,pleine_lune,0.561111111,1
1029,juvenile,TMM,122,2017-04-06,44,10,1166,premier_quartier,1,0.536111111
1032,juvenile,TMM,135,2017-03-09,54,11,1165,premier_quartier,1,0.747222222
1034,juvenile,TMM,129,2017-03-14,43,16,1165,pleine_lune,0.672222222,1
1035,juvenile,TMM,140,2017-03-05,52,7,1165,premier_quartier,1,0.144444444
1036,juvenile,TMM,124,2017-02-08,50,12,1164,premier_quartier,1,0.816666667
1038,juvenile,TMM,123,2017-03-16,43,18,1165,pleine_lune,0.45,1
1039,juvenile,MOM,83,2017-04-10,43,14,1166,premier_quartier,1,0.986111111
1043,juvenile,MOM,88,2017-02-09,48,13,1164,premier_quartier,1,0.963888889
1044,juvenile,MOM,92,2017-02-01,49,5,1164,nouvelle_lune,0.722222222,0
1046,juvenile,MOM,97,2017-04-02,46,6,1166,nouvelle_lune,0.894444444,0
1047,juvenile,MOM,95,2017-04-07,43,11,1166,premier_quartier,1,0.655555556
1049,juvenile,MMM,120,2017-01-24,54,27,1163,dernier_quartier,0,0.508333333
1050,juvenile,MMM,119,2017-03-07,48,9,1165,premier_quartier,1,0.463888889
1051,juvenile,MMM,116,2017-03-12,52,14,1165,premier_quartier,0.891666667,1
1052,juvenile,MMM,115,2017-03-05,52,7,1165,premier_quartier,1,0.144444444
1053,juvenile,MMM,113,2017-04-05,48,9,1166,premier_quartier,1,0.405555556
1054,juvenile,MMM,101,2017-04-02,47,6,1166,nouvelle_lune,0.894444444,0
1056,juvenile,MMM,104,2017-03-09,48,11,1165,premier_quartier,1,0.747222222
1057,juvenile,MMM,107,2017-04-16,43,20,1166,pleine_lune,0.308333333,1
1058,juvenile,MMM,105,2017-03-24,61,26,1165,dernier_quartier,0,0.519444444
1059,juvenile,VMW,NA,2017-03-12,45,14,1165,premier_quartier,0.891666667,1
1060,juvenile,VMW,NA,2017-02-22,46,26,1164,dernier_quartier,0,0.594444444
1061,juvenile,VMW,NA,2017-03-11,51,13,1165,premier_quartier,1,0.994444444
1063,juvenile,VMW,NA,2017-03-06,49,8,1165,premier_quartier,1,0.308333333
1066,juvenile,VMW,NA,2017-03-05,49,7,1165,premier_quartier,1,0.144444444
1067,juvenile,VMW,NA,2017-02-22,59,26,1164,dernier_quartier,0,0.594444444
1069,juvenile,VMW,NA,2017-03-14,45,16,1165,pleine_lune,0.672222222,1
1071,juvenile,VMW,NA,2017-03-07,52,9,1165,premier_quartier,1,0.463888889
1072,juvenile,VMW,NA,2017-03-10,51,12,1165,premier_quartier,1,0.875
1073,juvenile,VMW,NA,2016-12-28,49,0,1163,nouvelle_lune,0.05,0.158333333
1074,juvenile,VMW,NA,2017-01-02,47,5,1163,nouvelle_lune,0.691666667,0
1075,juvenile,VMW,NA,2017-03-06,49,8,1165,premier_quartier,1,0.308333333
1077,juvenile,VMW,NA,2017-03-13,46,15,1165,pleine_lune,0.780555556,1
1078,juvenile,VMW,NA,2017-03-12,42,14,1165,premier_quartier,0.891666667,1
1079,juvenile,VMW,NA,2017-03-11,46,13,1165,premier_quartier,1,0.994444444
1080,juvenile,VMW,NA,2017-02-15,46,19,1164,pleine_lune,0.325,1
1081,juvenile,VMW,NA,2017-03-12,46,14,1165,premier_quartier,0.891666667,1
1082,juvenile,VMW,NA,2017-03-16,45,18,1165,pleine_lune,0.45,1
1083,juvenile,VMW,NA,2017-01-07,48,10,1163,premier_quartier,1,0.347222222
1084,juvenile,VMW,NA,2017-01-11,50,14,1163,premier_quartier,0.969444444,1
1086,juvenile,VMW,NA,2017-03-10,49,12,1165,premier_quartier,1,0.875
1087,juvenile,VMW,NA,2017-01-29,45,2,1164,nouvelle_lune,0.355555556,0
1088,juvenile,VMW,NA,2017-03-13,47,15,1165,pleine_lune,0.780555556,1
1089,juvenile,VMW,NA,2017-03-07,48,9,1165,premier_quartier,1,0.463888889
1091,juvenile,VMW,NA,2017-02-19,44,23,1164,dernier_quartier,0,0.986111111
1093,juvenile,VMW,NA,2017-03-01,50,3,1165,nouvelle_lune,0.508333333,0
1094,juvenile,VMW,NA,2017-01-01,55,4,1163,nouvelle_lune,0.572222222,0
1095,juvenile,TOM,147,2017-04-04,46,8,1166,premier_quartier,1,0.269444444
1096,juvenile,TOM,147,2017-03-10,46,12,1165,premier_quartier,1,0.875
1097,juvenile,TOM,147,2017-04-03,53,7,1166,premier_quartier,0.975,0.119444444
1098,juvenile,TOM,151,2017-03-27,55,0,1166,nouvelle_lune,0.025,0.05
1099,juvenile,TOM,151,2017-03-16,47,18,1165,pleine_lune,0.45,1
1100,juvenile,TOM,151,2017-03-19,42,21,1165,pleine_lune,0.086111111,1
1102,juvenile,TOM,151,2017-01-08,48,11,1163,premier_quartier,1,0.519444444
1103,juvenile,TOM,151,2017-03-09,48,11,1165,premier_quartier,1,0.747222222
1104,juvenile,TOM,151,2017-01-14,42,17,1163,pleine_lune,0.536111111,1
1106,juvenile,TOM,151,2017-03-15,44,17,1165,pleine_lune,0.561111111,1
1110,juvenile,TOM,143,2017-03-03,52,5,1165,nouvelle_lune,0.780555556,0
1112,juvenile,TOM,143,2017-04-11,43,15,1166,pleine_lune,0.902777778,1
1114,juvenile,TOM,143,2017-02-28,51,2,1165,nouvelle_lune,0.380555556,0
1116,juvenile,TOM,143,2017-03-17,43,19,1165,pleine_lune,0.333333333,1
1117,juvenile,TOM,142,2017-02-04,50,8,1164,premier_quartier,1,0.161111111
1118,juvenile,TOM,142,2017-03-10,51,12,1165,premier_quartier,1,0.875
1119,juvenile,TOM,142,2017-02-05,47,9,1164,premier_quartier,1,0.327777778
1120,juvenile,TOM,150,2017-02-12,43,16,1164,pleine_lune,0.655555556,1
1121,juvenile,TOM,150,2016-12-10,48,11,1162,premier_quartier,1,0.55
1122,juvenile,TOM,150,2017-03-09,52,11,1165,premier_quartier,1,0.747222222
1124,juvenile,TOM,150,2017-03-16,43,18,1165,pleine_lune,0.45,1
1125,juvenile,TOM,150,2017-02-13,44,17,1164,pleine_lune,0.541666667,1
1128,juvenile,TOM,150,2017-03-14,45,16,1165,pleine_lune,0.672222222,1
1129,juvenile,TOM,150,2017-01-07,50,10,1163,premier_quartier,1,0.347222222
1131,juvenile,TOM,150,2017-03-10,48,12,1165,premier_quartier,1,0.875
1139,juvenile,TOM,145,2017-03-17,41,19,1165,pleine_lune,0.333333333,1
1140,juvenile,TOM,145,2017-04-07,48,11,1166,premier_quartier,1,0.655555556
1142,juvenile,VME,NA,2017-02-26,39,0,1165,nouvelle_lune,0.130555556,0
1143,juvenile,VME,NA,2017-03-08,54,10,1165,premier_quartier,1,0.608333333
1144,juvenile,VME,NA,2017-03-15,52,17,1165,pleine_lune,0.561111111,1
1145,juvenile,VME,NA,2017-04-08,46,12,1166,premier_quartier,1,0.769444444
1146,juvenile,VME,NA,2017-04-10,44,14,1166,premier_quartier,1,0.986111111
1147,juvenile,VME,NA,2017-03-08,44,10,1165,premier_quartier,1,0.608333333
1148,juvenile,VME,NA,2017-02-13,47,17,1164,pleine_lune,0.541666667,1
1149,juvenile,VME,NA,2017-03-23,41,25,1165,dernier_quartier,0,0.669444444
1150,juvenile,VME,NA,2017-03-20,42,22,1165,dernier_quartier,0.019444444,1
1151,juvenile,VME,NA,2017-03-12,43,14,1165,premier_quartier,0.891666667,1
1152,juvenile,VME,NA,2017-03-15,46,17,1165,pleine_lune,0.561111111,1
1153,juvenile,VME,NA,2017-04-07,46,11,1166,premier_quartier,1,0.655555556
1154,juvenile,VME,NA,2017-03-31,55,4,1166,nouvelle_lune,0.577777778,0
1155,juvenile,VME,NA,2017-03-05,51,7,1165,premier_quartier,1,0.144444444
1158,juvenile,VME,NA,2017-03-08,48,10,1165,premier_quartier,1,0.608333333
1159,juvenile,VME,NA,2017-02-02,51,6,1164,nouvelle_lune,0.847222222,0
1160,juvenile,VME,NA,2017-03-04,53,6,1165,nouvelle_lune,0.927777778,0
1161,juvenile,VME,NA,2017-04-06,46,10,1166,premier_quartier,1,0.536111111
1162,juvenile,VME,NA,2017-04-01,52,5,1166,nouvelle_lune,0.733333333,0
1163,juvenile,VME,NA,2017-02-15,47,19,1164,pleine_lune,0.325,1
1164,juvenile,VME,NA,2017-03-16,41,18,1165,pleine_lune,0.45,1
1165,juvenile,VME,NA,2017-04-13,42,17,1166,pleine_lune,0.680555556,1
1166,juvenile,VME,NA,2017-04-04,48,8,1166,premier_quartier,1,0.269444444
1167,juvenile,VME,NA,2017-03-09,48,11,1165,premier_quartier,1,0.747222222
1168,juvenile,VME,NA,2017-04-07,47,11,1166,premier_quartier,1,0.655555556
1169,juvenile,VME,NA,2017-04-01,52,5,1166,nouvelle_lune,0.733333333,0
1196,juvenile,VOE,48,2017-02-26,52,0,1165,nouvelle_lune,0.130555556,0
1197,juvenile,VOE,48,2017-03-10,45,12,1165,premier_quartier,1,0.875
1198,juvenile,VOE,49,2017-03-06,53,8,1165,premier_quartier,1,0.308333333
1200,juvenile,VOE,49,2017-04-12,44,16,1166,pleine_lune,0.794444444,1
1201,juvenile,VOE,49,2017-03-13,49,15,1165,pleine_lune,0.780555556,1
1202,juvenile,VOE,49,2017-04-04,49,8,1166,premier_quartier,1,0.269444444
1203,juvenile,VOE,49,2017-04-04,50,8,1166,premier_quartier,1,0.269444444
1204,juvenile,VOE,49,2017-03-30,56,3,1166,nouvelle_lune,0.430555556,0
1205,juvenile,VOE,49,2017-03-30,47,3,1166,nouvelle_lune,0.430555556,0
1206,juvenile,VOE,49,2017-04-04,49,8,1166,premier_quartier,1,0.269444444
1207,juvenile,VOE,49,2017-04-21,44,25,1166,dernier_quartier,0,0.738888889
1209,juvenile,VOE,53,2017-04-10,43,14,1166,premier_quartier,1,0.986111111
1211,juvenile,VOE,46,2017-03-28,54,1,1166,nouvelle_lune,0.152777778,0
1214,juvenile,VOE,57,2017-04-04,52,8,1166,premier_quartier,1,0.269444444
1215,juvenile,VOE,59,2017-03-31,53,4,1166,nouvelle_lune,0.577777778,0
1216,juvenile,VOE,59,2017-03-09,50,11,1165,premier_quartier,1,0.747222222
1217,juvenile,VOE,59,2017-04-02,48,6,1166,nouvelle_lune,0.894444444,0
1219,juvenile,VOE,59,2017-04-03,50,7,1166,premier_quartier,0.975,0.119444444
1221,juvenile,VOE,56,2017-04-10,43,14,1166,premier_quartier,1,0.986111111
1222,juvenile,VOE,56,2017-03-18,45,20,1165,pleine_lune,0.213888889,1
1223,juvenile,VOE,56,2017-03-05,52,7,1165,premier_quartier,1,0.144444444
1224,juvenile,VOE,56,2017-03-12,55,14,1165,premier_quartier,0.891666667,1
1225,juvenile,VOE,56,2017-04-05,48,9,1166,premier_quartier,1,0.405555556
1226,juvenile,VOE,56,2017-03-23,58,25,1165,dernier_quartier,0,0.669444444
1229,juvenile,VOE,47,2017-03-31,47,4,1166,nouvelle_lune,0.577777778,0
1231,juvenile,VOE,47,2017-03-30,53,3,1166,nouvelle_lune,0.430555556,0
1234,juvenile,VOE,NA,2017-03-08,43,10,1165,premier_quartier,1,0.608333333
1237,juvenile,VME,74,2017-03-30,51,3,1166,nouvelle_lune,0.430555556,0
1238,juvenile,VME,77,2017-04-08,45,12,1166,premier_quartier,1,0.769444444
1239,juvenile,VME,77,2017-04-07,45,11,1166,premier_quartier,1,0.655555556
1241,juvenile,TMM,130,2017-02-28,47,2,1165,nouvelle_lune,0.380555556,0
1244,juvenile,TMM,124,2017-03-13,48,15,1165,pleine_lune,0.780555556,1
1245,juvenile,TMM,124,2017-03-10,49,12,1165,premier_quartier,1,0.875
1246,juvenile,TMM,124,2017-02-18,43,22,1164,dernier_quartier,0.044444444,1
1247,juvenile,TMM,124,2017-02-12,46,16,1164,pleine_lune,0.655555556,1
1250,juvenile,TMM,124,2016-11-10,63,11,1161,premier_quartier,1,0.427777778
1251,juvenile,TMM,124,2016-12-15,47,16,1162,pleine_lune,0.583333333,1
1252,juvenile,TMM,123,2017-03-20,42,22,1165,dernier_quartier,0.019444444,1
1254,juvenile,TMM,123,2016-11-30,48,1,1162,nouvelle_lune,0.258333333,0
1257,juvenile,TMM,129,2016-12-06,47,7,1162,premier_quartier,0.963888889,0
1258,juvenile,TMM,NA,2017-03-06,50,8,1165,premier_quartier,1,0.308333333
1259,juvenile,TMM,NA,2017-01-12,45,15,1163,pleine_lune,0.813888889,1
1260,juvenile,TMM,NA,2017-02-14,47,18,1164,pleine_lune,0.433333333,1
1261,juvenile,TMM,NA,2017-02-05,46,9,1164,premier_quartier,1,0.327777778
1263,juvenile,TMM,NA,2017-02-06,54,10,1164,premier_quartier,1,0.494444444
1266,juvenile,TMM,NA,2017-04-15,41,19,1166,pleine_lune,0.436111111,1
1267,juvenile,TMM,NA,2017-02-27,54,1,1165,nouvelle_lune,0.255555556,0
1268,juvenile,TMM,NA,2017-03-07,50,9,1165,premier_quartier,1,0.463888889
1269,juvenile,TMM,NA,2017-03-08,48,10,1165,premier_quartier,1,0.608333333
1270,juvenile,TMM,NA,2017-03-13,50,15,1165,pleine_lune,0.780555556,1
1271,juvenile,TMM,NA,2017-03-12,45,14,1165,premier_quartier,0.891666667,1
1272,juvenile,TMM,NA,2017-02-27,51,1,1165,nouvelle_lune,0.255555556,0
1274,juvenile,TMM,NA,2017-03-05,56,7,1165,premier_quartier,1,0.144444444
1275,juvenile,TMM,NA,2017-02-25,50,29,1164,dernier_quartier,0,0.147222222
1276,juvenile,TMM,NA,2017-03-11,46,13,1165,premier_quartier,1,0.994444444
1277,juvenile,TMM,NA,2017-03-30,52,3,1166,nouvelle_lune,0.430555556,0
1278,juvenile,TMM,NA,2017-03-02,50,4,1165,nouvelle_lune,0.641666667,0
1280,juvenile,TMM,NA,2017-02-04,48,8,1164,premier_quartier,1,0.161111111
1281,juvenile,VOW,11,2017-04-06,48,10,1166,premier_quartier,1,0.536111111
1282,juvenile,VOW,11,2017-04-06,44,10,1166,premier_quartier,1,0.536111111
1283,juvenile,VOW,11,2017-02-05,53,9,1164,premier_quartier,1,0.327777778
1284,juvenile,VOW,11,2017-03-25,58,27,1165,dernier_quartier,0,0.366666667
1285,juvenile,VOW,16,2017-03-02,49,4,1165,nouvelle_lune,0.641666667,0
1286,juvenile,VOW,16,2017-04-13,47,17,1166,pleine_lune,0.680555556,1
1287,juvenile,VOW,16,2017-04-02,49,6,1166,nouvelle_lune,0.894444444,0
1288,juvenile,VOW,16,2017-04-14,40,18,1166,pleine_lune,0.561111111,1
1289,juvenile,VOW,16,2017-04-09,47,13,1166,premier_quartier,1,0.877777778
1290,juvenile,VOW,16,2017-04-08,48,12,1166,premier_quartier,1,0.769444444
1291,juvenile,VOW,13,2017-01-07,52,10,1163,premier_quartier,1,0.347222222
1292,juvenile,VOW,13,2017-04-08,46,12,1166,premier_quartier,1,0.769444444
1293,juvenile,VOW,13,2017-01-15,44,18,1163,pleine_lune,0.416666667,1
1294,juvenile,VOW,13,2017-04-09,44,13,1166,premier_quartier,1,0.877777778
1295,juvenile,VOW,13,2017-04-08,47,12,1166,premier_quartier,1,0.769444444
1296,juvenile,VOW,13,2017-04-11,51,15,1166,pleine_lune,0.902777778,1
1298,juvenile,VOW,4,2016-12-25,46,26,1162,dernier_quartier,0,0.527777778
1299,juvenile,VOW,8,2017-03-04,52,6,1165,nouvelle_lune,0.927777778,0
1301,juvenile,VOW,8,2017-04-09,48,13,1166,premier_quartier,1,0.877777778
1302,juvenile,VOW,8,2017-04-18,43,22,1166,dernier_quartier,0.030555556,1
1303,juvenile,VOW,8,2017-04-10,44,14,1166,premier_quartier,1,0.986111111
1304,juvenile,VOW,8,2017-01-08,49,11,1163,premier_quartier,1,0.519444444
1305,juvenile,VOW,14,2017-03-15,41,17,1165,pleine_lune,0.561111111,1
1306,juvenile,VOW,14,2017-04-05,46,9,1166,premier_quartier,1,0.405555556
1307,juvenile,VOW,14,2017-02-18,43,22,1164,dernier_quartier,0.044444444,1
1308,juvenile,VOW,14,2017-04-11,43,15,1166,pleine_lune,0.902777778,1
1309,juvenile,VOW,14,2017-04-06,47,10,1166,premier_quartier,1,0.536111111
1321,juvenile,VOW,15,2017-04-08,43,12,1166,premier_quartier,1,0.769444444
1324,juvenile,MOM,97,2016-12-29,49,1,1163,nouvelle_lune,0.186111111,0.022222222
1325,juvenile,MOM,97,2017-03-12,44,14,1165,premier_quartier,0.891666667,1
1328,juvenile,MOM,94,2017-03-31,53,4,1166,nouvelle_lune,0.577777778,0
1329,juvenile,MOM,94,2017-01-22,43,25,1163,dernier_quartier,0,0.755555556
1331,juvenile,MOM,94,2017-03-06,52,8,1165,premier_quartier,1,0.308333333
1333,juvenile,MOM,94,2017-03-28,52,1,1166,nouvelle_lune,0.152777778,0
1334,juvenile,MOM,94,2017-02-26,51,0,1165,nouvelle_lune,0.130555556,0
1335,juvenile,MOM,94,2017-02-08,50,12,1164,premier_quartier,1,0.816666667
1336,juvenile,MOM,83,2017-03-04,52,6,1165,nouvelle_lune,0.927777778,0
1338,juvenile,MOM,83,2017-03-08,51,10,1165,premier_quartier,1,0.608333333
1339,juvenile,MOM,83,2017-04-08,46,12,1166,premier_quartier,1,0.769444444
1341,juvenile,MOM,84,2017-03-08,52,10,1165,premier_quartier,1,0.608333333
1344,juvenile,MOM,84,2017-03-30,50,3,1166,nouvelle_lune,0.430555556,0
1347,juvenile,MOM,87,2017-03-06,46,8,1165,premier_quartier,1,0.308333333
1349,juvenile,MOM,92,2017-03-08,48,10,1165,premier_quartier,1,0.608333333
1350,juvenile,MOM,92,2017-03-31,53,4,1166,nouvelle_lune,0.577777778,0
1351,juvenile,MOM,92,2017-04-09,45,13,1166,premier_quartier,1,0.877777778
1352,juvenile,MOM,92,2017-01-03,54,6,1163,nouvelle_lune,0.811111111,0
1355,juvenile,MOM,92,2017-04-01,48,5,1166,nouvelle_lune,0.733333333,0
1357,juvenile,MOM,95,2017-02-02,49,6,1164,nouvelle_lune,0.847222222,0
1358,juvenile,MOM,95,2017-04-05,45,9,1166,premier_quartier,1,0.405555556
1362,juvenile,MOM,99,2017-03-10,46,12,1165,premier_quartier,1,0.875
1364,juvenile,MOM,99,2017-03-10,51,12,1165,premier_quartier,1,0.875
1368,juvenile,MOM,99,2017-04-03,48,7,1166,premier_quartier,0.975,0.119444444
1371,juvenile,MOM,85,2017-04-05,37,9,1166,premier_quartier,1,0.405555556
1372,juvenile,MOM,85,2017-04-06,45,10,1166,premier_quartier,1,0.536111111
1377,juvenile,MOM,85,2017-02-06,52,10,1164,premier_quartier,1,0.494444444
1378,juvenile,MOM,85,2017-03-04,52,6,1165,nouvelle_lune,0.927777778,0
1380,juvenile,MOM,85,2016-11-13,46,14,1161,premier_quartier,1,0.941666667
1386,juvenile,MOM,88,2017-04-04,48,8,1166,premier_quartier,1,0.269444444
1387,juvenile,MOM,88,2017-04-08,44,12,1166,premier_quartier,1,0.769444444
1389,juvenile,MOM,88,2017-03-15,42,17,1165,pleine_lune,0.561111111,1
1391,juvenile,MMM,116,2017-01-30,50,3,1164,nouvelle_lune,0.477777778,0
1393,juvenile,MMM,116,2017-03-27,50,0,1166,nouvelle_lune,0.025,0.05
1394,juvenile,MMM,119,2017-03-10,45,12,1165,premier_quartier,1,0.875
1395,juvenile,MMM,119,2017-03-01,50,3,1165,nouvelle_lune,0.508333333,0
1396,juvenile,MMM,119,2017-01-01,50,4,1163,nouvelle_lune,0.572222222,0
1397,juvenile,MMM,107,2017-04-01,51,5,1166,nouvelle_lune,0.733333333,0
1399,juvenile,MMM,107,2017-04-01,53,5,1166,nouvelle_lune,0.733333333,0
1400,juvenile,MMM,107,2017-02-23,59,27,1164,dernier_quartier,0,0.45
1401,juvenile,MMM,120,2017-04-13,45,17,1166,pleine_lune,0.680555556,1
1402,juvenile,MMM,120,2017-03-28,60,1,1166,nouvelle_lune,0.152777778,0
1404,juvenile,MMM,120,2017-03-03,57,5,1165,nouvelle_lune,0.780555556,0
1405,juvenile,MMM,108,2017-03-30,54,3,1166,nouvelle_lune,0.430555556,0
1406,juvenile,MMM,108,2017-01-04,49,7,1163,premier_quartier,0.933333333,0
1408,juvenile,MMM,108,2017-04-02,48,6,1166,nouvelle_lune,0.894444444,0
1409,juvenile,MMM,101,2017-04-04,47,8,1166,premier_quartier,1,0.269444444
1410,juvenile,MMM,101,2017-03-07,47,9,1165,premier_quartier,1,0.463888889
1411,juvenile,MMM,115,2017-04-01,48,5,1166,nouvelle_lune,0.733333333,0
1412,juvenile,MMM,115,2017-02-10,45,14,1164,premier_quartier,0.9,1
1413,juvenile,MMM,115,2017-02-04,52,8,1164,premier_quartier,1,0.161111111
1415,juvenile,MMM,115,2017-03-08,46,10,1165,premier_quartier,1,0.608333333
1417,juvenile,MMM,113,2017-04-11,42,15,1166,pleine_lune,0.902777778,1
1418,juvenile,MMM,113,2017-04-15,42,19,1166,pleine_lune,0.436111111,1
1419,juvenile,MMM,113,2017-02-14,48,18,1164,pleine_lune,0.433333333,1
1421,juvenile,MMM,104,2017-04-03,50,7,1166,premier_quartier,0.975,0.119444444
1423,juvenile,MMM,104,2017-03-10,48,12,1165,premier_quartier,1,0.875
1424,juvenile,MMM,105,2017-04-06,47,10,1166,premier_quartier,1,0.536111111
1425,juvenile,MMM,105,2017-04-03,48,7,1166,premier_quartier,0.975,0.119444444
1426,juvenile,MMM,105,2017-04-04,47,8,1166,premier_quartier,1,0.269444444
1427,juvenile,MMM,105,2017-04-02,45,6,1166,nouvelle_lune,0.894444444,0
